{"'s-Hertogenbosch": [51.69917, 5.30417], "Acapulco": [16.84942, -99.90891], "Adelaide": [-34.92866, 138.59863], "Amersfoort": [52.155, 5.3875], "Antalya": [36.90812, 30.69556], "Antwerp": [51.22047, 4.40026], "Atlanta": [33.749, -84.38798], "Auckland": [-36.84853, 174.76349], "Bangkok": [13.75398, 100.50144], "Barcelona": [41.38879, 2.15899], "Basel": [47.55839, 7.57327], "Bastad": [56.40102, 12.79912], "Beijing": [39.9075, 116.39723], "Belgrade": [44.80401, 20.46513], "Bogota": [4.60971, -74.08175], "Brisbane": [-27.46794, 153.02809], "Bucharest": [44.43225, 26.10626], "Budapest": [47.49835, 19.04045], "Buenos Aires": [-34.61315, -58.37723], "Cagliari": [39.23054, 9.11917], "Casablanca": [33.58831, -7.61138], "Chengdu": [30.66667, 104.06667], "Chennai": [13.08784, 80.27847], "Cincinnati": [39.12711, -84.51439], "Cologne": [50.93333, 6.95], "Cordoba": [-31.4135, -64.18105], "Costa Do Sauipe": [-12.6797, -38.10436], "Dallas": [32.78306, -96.80667], "Delray Beach": [26.46146, -80.07282], "Doha": [25.28545, 51.53096], "Dubai": [25.07725, 55.30927], "Dusseldorf": [51.22172, 6.77616], "Eastbourne": [-41.29196, 174.90651], "Estoril": [38.70571, -9.39773], "Geneva": [46.20222, 6.14569], "Gstaad": [46.47215, 7.28685], "Halle": [51.48158, 11.97947], "Hamburg": [53.55073, 9.99302], "Houston": [29.76328, -95.36327], "Indian Wells": [40.72919, -85.22122], "Indianapolis": [39.76838, -86.15804], "Istanbul": [41.01384, 28.94966], "Johannesburg": [-26.20227, 28.04363], "Kitzbuhel": [47.44637, 12.39215], "Kuala Lumpur": [3.1412, 101.68653], "Las Vegas": [36.17497, -115.13722], "London": [51.50853, -0.12574], "Los Angeles": [34.05223, -118.24368], "Los Cabos": [23.15185, -109.72104], "Lyon": [45.74846, 4.84671], "Madrid": [40.4165, -3.70256], "Mallorca": [39.56939, 2.65024], "Marbella": [36.51543, -4.88583], "Marrakech": [31.63416, -7.99994], "Marseille": [43.29695, 5.38107], "Melbourne": [-37.814, 144.96332], "Memphis": [35.14953, -90.04898], "Metz": [49.11911, 6.17269], "Miami": [25.77427, -80.19366], "Monte Carlo": [43.73976, 7.42732], "Montpellier": [43.61093, 3.87635], "Montreal": [45.50884, -73.58781], "Moscow": [55.75222, 37.61556], "Munich": [48.13743, 11.57549], "New Haven": [41.30815, -72.92816], "New York": [40.71427, -74.00597], "Newport": [37.08339, -76.46965], "Nice": [43.70313, 7.26608], "Nottingham": [52.9536, -1.15047], "Nur-Sultan": [51.1801, 71.44598], "Oeiras": [38.69105, -9.31085], "Paris": [48.85341, 2.3488], "Parma": [44.79935, 10.32618], "Portschach": [46.63639, 14.14639], "Pune": [18.51957, 73.85535], "Queens Club": [40.78278, -73.78972], "Quito": [-0.22985, -78.52495], "Rio de Janeiro": [-22.90642, -43.18223], "Rome": [41.89193, 12.51133], "Rotterdam": [51.9225, 4.47917], "San Diego": [32.71571, -117.16472], "San Jose": [9.93333, -84.08333], "Santiago": [-33.45694, -70.64827], "Sao Paulo": [-23.5475, -46.63611], "Sardinia": [40.0, 9.0], "Shanghai": [31.22222, 121.45806], "Shenzhen": [22.54554, 114.0683], "Singapore": [1.28967, 103.85007], "Sofia": [42.69751, 23.32415], "St. Petersburg": [59.93863, 30.31413], "Stockholm": [59.32938, 18.06871], "Stuttgart": [48.78232, 9.17702], "Sydney": [-33.86785, 151.20732], "Tokyo": [35.6895, 139.69171], "Toronto": [43.70011, -79.4163], "Turin": [45.07049, 7.68682], "Umag": [45.43139, 13.52389], "Valencia": [39.46975, -0.37739], "Vienna": [48.20849, 16.37208], "Vina del Mar": [-33.02457, -71.55183], "Warsaw": [52.22977, 21.01178], "Washington": [38.89511, -77.03637], "Winston-Salem": [36.09986, -80.24422], "Zagreb": [45.81444, 15.97798], "Zhuhai": [22.27694, 113.56778]}